{"0": {"ID": 0, "OfferTitle": "DAILY", "Cost": 0, "OldCost": 0, "Multiplier": 1, "BrawlerID": 0, "SkinID": 0, "WhoBuyed": [65374, 59286], "ShopType": 1, "ShopDisplay": 1}, "1": {"ID": 1, "OfferTitle": "ОСОБАЯ АКЦИЯ", "Cost": 59, "OldCost": 0, "Multiplier": 4907, "BrawlerID": 0, "SkinID": 0, "WhoBuyed": [], "ShopType": 0, "ShopDisplay": 0}, "2": {"ID": 3, "OfferTitle": "ОСОБАЯ АКЦИЯ", "Cost": 119, "OldCost": 0, "Multiplier": 1, "BrawlerID": 20, "SkinID": 0, "WhoBuyed": [], "ShopType": 0, "ShopDisplay": 0}, "3": {"ID": 3, "OfferTitle": "ОСОБАЯ АКЦИЯ", "Cost": 79, "OldCost": 0, "Multiplier": 1, "BrawlerID": 18, "SkinID": 0, "WhoBuyed": [], "ShopType": 0, "ShopDisplay": 0}, "4": {"ID": 4, "OfferTitle": "ЕЖЕДНЕВЫНЙ СКИН", "Cost": 79, "OldCost": 0, "Multiplier": 1, "BrawlerID": 0, "SkinID": 59, "WhoBuyed": [], "ShopType": 0, "ShopDisplay": 0}, "5": {"ID": 4, "OfferTitle": "ЕЖЕДНЕВЫНЙ СКИН", "Cost": 49, "OldCost": 0, "Multiplier": 1, "BrawlerID": 0, "SkinID": 11, "WhoBuyed": [], "ShopType": 0, "ShopDisplay": 0}, "6": {"ID": 4, "OfferTitle": "ЕЖЕДНЕВЫНЙ СКИН", "Cost": 49, "OldCost": 0, "Multiplier": 1, "BrawlerID": 0, "SkinID": 58, "WhoBuyed": [], "ShopType": 0, "ShopDisplay": 0}, "7": {"ID": 8, "OfferTitle": "POWERPOINTS", "Cost": 10, "OldCost": 0, "Multiplier": 88, "BrawlerID": 14, "SkinID": 0, "WhoBuyed": [], "ShopType": 1, "ShopDisplay": 1}, "8": {"ID": 8, "OfferTitle": "POWERPOINTS", "Cost": 7, "OldCost": 0, "Multiplier": 16, "BrawlerID": 1, "SkinID": 0, "WhoBuyed": [], "ShopType": 1, "ShopDisplay": 1}, "9": {"ID": 8, "OfferTitle": "POWERPOINTS", "Cost": 15, "OldCost": 0, "Multiplier": 13, "BrawlerID": 13, "SkinID": 0, "WhoBuyed": [], "ShopType": 1, "ShopDisplay": 1}, "10": {"ID": 8, "OfferTitle": "POWERPOINTS", "Cost": 18, "OldCost": 0, "Multiplier": 41, "BrawlerID": 8, "SkinID": 0, "WhoBuyed": [], "ShopType": 1, "ShopDisplay": 1}, "11": {"ID": 8, "OfferTitle": "POWERPOINTS", "Cost": 2, "OldCost": 0, "Multiplier": 91, "BrawlerID": 5, "SkinID": 0, "WhoBuyed": [], "ShopType": 1, "ShopDisplay": 1}}